[
  {
    "name": "Jessyca Kub",
    "phoneNumber": "(904) 979-7968",
    "email": "jacquelyn94@hotmail.com",
    "address": "8458 Nathanael Grove Apt. 975\nLake Jakayla, LA 33296-8215",
    "userAgent": "Opera/8.58 (X11; Linux x86_64; sl-SI) Presto/2.12.324 Version/11.00",
    "hexcolor": "#0fb478"
  },
  {
    "name": "Eliezer Kertzmann",
    "phoneNumber": "(219) 205-1665",
    "email": "isabelle89@gmail.com",
    "address": "7881 Harvey Tunnel\nSouth Dejuan, NY 28452",
    "userAgent": "Mozilla/5.0 (Windows 98; Win 9x 4.90) AppleWebKit/5321 (KHTML, like Gecko) Chrome/37.0.885.0 Mobile Safari/5321",
    "hexcolor": "#c9a91e"
  },
  {
    "name": "Kenna Cronin",
    "phoneNumber": "329-359-1625",
    "email": "tcasper@torphy.com",
    "address": "438 David Plain\nNorth Aldenport, OK 06743",
    "userAgent": "Mozilla/5.0 (X11; Linux x86_64) AppleWebKit/5350 (KHTML, like Gecko) Chrome/36.0.880.0 Mobile Safari/5350",
    "hexcolor": "#84dbdd"
  },
  {
    "name": "Rosalee Kilback",
    "phoneNumber": "358.397.6904",
    "email": "deckow.chelsie@gmail.com",
    "address": "67181 Marks Drives\nNorth Arvid, AZ 80740",
    "userAgent": "Mozilla/5.0 (Windows CE; sl-SI; rv:1.9.2.20) Gecko/20140227 Firefox/37.0",
    "hexcolor": "#7dce2c"
  }
]