[
  {
    "name": "Mr. Terrill Kuhic Sr.",
    "phoneNumber": "1-841-855-2351",
    "email": "tod.gleason@yahoo.com",
    "address": "5849 Ryan Land Suite 401\nEast Damianhaven, OH 52531",
    "userAgent": "Mozilla/5.0 (compatible; MSIE 11.0; Windows CE; Trident/4.0)",
    "hexcolor": "#d4f420"
  },
  {
    "name": "Keara Dicki II",
    "phoneNumber": "407-727-1986",
    "email": "erdman.leone@gmail.com",
    "address": "909 Barton Tunnel Apt. 642\nNew Alphonsoshire, CO 95361-2166",
    "userAgent": "Mozilla/5.0 (Macintosh; Intel Mac OS X 10_7_5 rv:2.0) Gecko/20210312 Firefox/37.0",
    "hexcolor": "#ca4ded"
  },
  {
    "name": "Lavonne Wilkinson",
    "phoneNumber": "+1.943.397.3086",
    "email": "bergnaum.lucy@yahoo.com",
    "address": "35275 Erika Lodge\nArelybury, FL 86487",
    "userAgent": "Mozilla/5.0 (Macintosh; Intel Mac OS X 10_6_1 rv:4.0) Gecko/20220901 Firefox/37.0",
    "hexcolor": "#7ef791"
  },
  {
    "name": "Augustus Howe IV",
    "phoneNumber": "1-959-242-9536",
    "email": "yhegmann@bednar.org",
    "address": "9443 Robel Court Suite 849\nPort Luz, MO 07157-8570",
    "userAgent": "Mozilla/5.0 (Macintosh; PPC Mac OS X 10_6_9 rv:5.0; en-US) AppleWebKit/534.27.5 (KHTML, like Gecko) Version/5.0.3 Safari/534.27.5",
    "hexcolor": "#525e3e"
  },
  {
    "name": "Josh Jenkins",
    "phoneNumber": "1-504-627-0881",
    "email": "uhowell@dubuque.biz",
    "address": "851 Will Crossroad\nReingertown, ND 89309",
    "userAgent": "Mozilla/5.0 (iPhone; CPU iPhone OS 7_2_2 like Mac OS X; en-US) AppleWebKit/532.22.5 (KHTML, like Gecko) Version/3.0.5 Mobile/8B117 Safari/6532.22.5",
    "hexcolor": "#d1b4ec"
  },
  {
    "name": "Mr. Cale Rodriguez PhD",
    "phoneNumber": "772.693.0581",
    "email": "zstroman@lebsack.com",
    "address": "7885 Hayes Ferry Apt. 720\nSouth Carli, ME 94408-5276",
    "userAgent": "Mozilla/5.0 (iPhone; CPU iPhone OS 7_2_1 like Mac OS X; sl-SI) AppleWebKit/534.29.5 (KHTML, like Gecko) Version/3.0.5 Mobile/8B116 Safari/6534.29.5",
    "hexcolor": "#fa272a"
  },
  {
    "name": "Margret Konopelski",
    "phoneNumber": "214-724-0548",
    "email": "ora98@yahoo.com",
    "address": "7944 Buckridge Stream\nNew Aracelifurt, NJ 48226-2484",
    "userAgent": "Opera/9.72 (Windows 98; Win 9x 4.90; en-US) Presto/2.9.250 Version/10.00",
    "hexcolor": "#d73a2e"
  },
  {
    "name": "Levi Dickens V",
    "phoneNumber": "(647) 939-7637",
    "email": "gutmann.tara@yahoo.com",
    "address": "154 Raphaelle Point\nNorth Brandy, KY 17793-4169",
    "userAgent": "Mozilla/5.0 (Windows NT 6.2; en-US; rv:1.9.0.20) Gecko/20221006 Firefox/35.0",
    "hexcolor": "#b775e1"
  },
  {
    "name": "Erik Jones",
    "phoneNumber": "474-313-9901",
    "email": "crooks.joseph@wilkinson.org",
    "address": "208 Hayes Ways Apt. 170\nStokesview, MA 08112-8503",
    "userAgent": "Mozilla/5.0 (Macintosh; U; PPC Mac OS X 10_5_4 rv:2.0) Gecko/20240514 Firefox/37.0",
    "hexcolor": "#dda4d2"
  },
  {
    "name": "Prof. Viviane Hessel",
    "phoneNumber": "+1-753-590-4271",
    "email": "camron.feil@damore.biz",
    "address": "29251 Torrance Village\nWest Maximillianfurt, NM 89749-9927",
    "userAgent": "Mozilla/5.0 (Macintosh; PPC Mac OS X 10_7_7 rv:4.0; sl-SI) AppleWebKit/532.45.7 (KHTML, like Gecko) Version/5.1 Safari/532.45.7",
    "hexcolor": "#bf7a2c"
  },
  {
    "name": "Jasper Altenwerth",
    "phoneNumber": "+18505777703",
    "email": "armstrong.aracely@yahoo.com",
    "address": "1856 Angelina Trace Apt. 422\nLake Jordanbury, VT 61436-2952",
    "userAgent": "Mozilla/5.0 (Macintosh; PPC Mac OS X 10_8_6 rv:3.0; en-US) AppleWebKit/533.30.7 (KHTML, like Gecko) Version/5.0.3 Safari/533.30.7",
    "hexcolor": "#67fc9d"
  },
  {
    "name": "Lillian Bergnaum",
    "phoneNumber": "862-419-0117",
    "email": "wkulas@yahoo.com",
    "address": "311 Aditya Mills\nNew Tressatown, GA 46991-6724",
    "userAgent": "Mozilla/5.0 (X11; Linux x86_64) AppleWebKit/5321 (KHTML, like Gecko) Chrome/38.0.840.0 Mobile Safari/5321",
    "hexcolor": "#0106ee"
  },
  {
    "name": "Lizzie Kautzer",
    "phoneNumber": "681-905-5012",
    "email": "lauriane.hintz@gmail.com",
    "address": "8307 Waters Crescent Apt. 079\nSchmidtshire, MA 51908",
    "userAgent": "Mozilla/5.0 (compatible; MSIE 8.0; Windows 95; Trident/5.1)",
    "hexcolor": "#9ce89d"
  },
  {
    "name": "Aaron Borer",
    "phoneNumber": "+1-527-977-0494",
    "email": "rempel.emerson@hotmail.com",
    "address": "3854 Ericka Turnpike\nLake Garrisonside, ND 60224-0166",
    "userAgent": "Opera/8.12 (X11; Linux x86_64; sl-SI) Presto/2.11.166 Version/12.00",
    "hexcolor": "#00397e"
  },
  {
    "name": "Mr. Henderson Schamberger",
    "phoneNumber": "369-623-9885",
    "email": "madisyn.brakus@gmail.com",
    "address": "5850 Simonis Terrace Suite 445\nPort Einomouth, MS 86724",
    "userAgent": "Mozilla/5.0 (iPhone; CPU iPhone OS 8_1_1 like Mac OS X; en-US) AppleWebKit/534.41.3 (KHTML, like Gecko) Version/4.0.5 Mobile/8B111 Safari/6534.41.3",
    "hexcolor": "#0f4f70"
  },
  {
    "name": "Geovanny Sawayn",
    "phoneNumber": "538-575-8861",
    "email": "hhegmann@parker.com",
    "address": "8334 Elna Squares Suite 661\nAiyanamouth, NH 73611-3037",
    "userAgent": "Mozilla/5.0 (Windows 95) AppleWebKit/5362 (KHTML, like Gecko) Chrome/38.0.899.0 Mobile Safari/5362",
    "hexcolor": "#4e7e3e"
  },
  {
    "name": "Miss Kasey Price V",
    "phoneNumber": "+1-286-201-8834",
    "email": "rodger31@cassin.com",
    "address": "796 Beer Forks Apt. 098\nLake Maxine, NJ 95255",
    "userAgent": "Mozilla/5.0 (compatible; MSIE 10.0; Windows NT 6.2; Trident/3.0)",
    "hexcolor": "#b7a40d"
  },
  {
    "name": "Thelma Goodwin",
    "phoneNumber": "+1-381-648-5332",
    "email": "wbins@yahoo.com",
    "address": "85206 Sincere Loop\nVolkmanshire, NJ 35926-6402",
    "userAgent": "Opera/9.39 (Windows NT 5.01; en-US) Presto/2.9.207 Version/11.00",
    "hexcolor": "#8b13cd"
  }
]